audioTrackID,audioTrackName,audioDescription
1,Dolby Atmos,몰입형 3D 서라운드 사운드를 제공하는 오디오 트랙입니다.
2,Dolby Digital 5.1,5.1채널 서라운드 사운드를 지원하는 오디오 트랙입니다.
3,Stereo 2.0,좌우 2채널 스테레오 사운드를 제공하는 오디오 트랙입니다.
4,Dolby Digital Plus,향상된 압축 기술로 고품질 오디오를 제공하는 트랙입니다.
5,Dolby TrueHD,무손실 오디오 코덱을 사용하여 스튜디오 마스터 품질의 사운드를 제공합니다.
6,AAC 5.1,고급 오디오 코딩을 사용한 5.1채널 서라운드 사운드 트랙입니다.
7,PCM 2.0,비압축된 스테레오 오디오 트랙으로 원음에 가까운 사운드를 제공합니다.
8,DTS-HD Master Audio,무손실 압축을 통해 고해상도 오디오를 제공하는 트랙입니다.