genreID,genreName
1,메디컬 시리즈
2,드라마
3,코미디 시리즈
4,스릴러
5,미스터리
6,블랙코미디
7,범죄
8,로맨스
9,액션
10,역사
11,정치
12,스포츠
13,가족
14,성장
15,모험
16,코미디
17,다큐멘터리
18,판타지
19,공포
20,과학소설
21,스페인 드라마
22,독일 드라마
23,영국 드라마
24,미국 드라마
25,한국 드라마
26,멕시코 영화
27,미국 영화
28,한국 영화
29,영국 영화
30,멕시코 드라마
31,독일 영화
32,스페인 영화
